CHROM,POS,Length
chrI,1,230218
chrII,1,813184
chrIII,1,316620
chrIV,1,1531933
chrV,1,576874
chrVI,1,270161
chrVII,1,1090940
chrVIII,1,562643
chrIX,1,439888
chrX,1,745751
chrXI,1,666816
chrXII,1,1078177
chrXIII,1,924431
chrXIV,1,784333
chrXV,1,1091291
chrXVI,1,948066
chrM,1,85779