CHROM,length,cent1,cent2
chrI,230218,151465,151582
chrII,813184,238207,238323
chrIII,316620,114385,114501
chrIV,1531933,449711,449821
chrV,576874,151987,152104
chrVI,270161,148510,148627
chrVII,1090940,496920,497038
chrVIII,562643,105586,105703
chrIX,439888,355629,355745
chrX,745751,436307,436425
chrXI,666816,440129,440246
chrXII,1078177,150828,150947
chrXIII,924431,268031,268149
chrXIV,784333,628758,628875
chrXV,1091291,326584,326702
chrXVI,948066,555957,556073
chrM,85779,NA,NA